股票代码,代码,股票名称,成交价,价格变动,涨跌幅,买入价,卖出价,昨收,开盘价,最高价,最低价,成交量,成交额,时间,市盈率,市净率,总市值,流通市值,换手率
bj430017,430017,星昊医药,13.340,-0.14,-1.039,13.330,13.340,13.480,13.300,13.740,13.200,1958113,26367182,15:30:00,14.5,1.102,163517.9848,104912.261916,2.48982
bj430047,430047,诺思兰德,15.780,-0.58,-3.545,15.770,15.780,16.360,16.360,16.360,15.730,1371443,21983615,15:30:00,-60.692,26.001,433751.130972,260994.933762,0.82919
bj430090,430090,同辉信息,4.500,0.02,0.446,4.500,4.510,4.480,4.430,4.690,4.350,13074533,59425607,15:30:00,-20.152,3.082,89700.0957,82344.7503,7.14501
bj430139,430139,华岭股份,14.030,-0.96,-6.404,14.030,14.100,14.990,14.400,14.900,13.720,6679518,95092609,15:30:00,46.767,3.435,374320.4,186207.881481,5.03274
bj430198,430198,微创光电,10.250,-0.46,-4.295,10.250,10.300,10.710,10.160,11.450,10.050,14763995,156159806,15:30:00,-60.294,2.778,165397.9688,66532.166775,22.74553
bj430300,430300,辰光医疗,11.760,0.09,0.771,11.760,11.780,11.670,11.630,12.780,11.600,4058423,50110189,15:30:00,34.588,3.434,100956.220176,61420.256184,7.77057
bj430418,430418,苏轴股份,23.590,-1.06,-4.3,23.520,23.590,24.650,24.300,24.400,23.300,2935989,69699721,15:30:00,27.115,3.391,228162.48,120645.197603,5.7408
bj430425,430425,乐创技术,20.080,-1.04,-4.924,20.080,20.150,21.120,21.080,21.750,19.850,1376333,28940194,15:30:00,18.766,3.077,72673.770936,38085.970936,7.25642
bj430476,430476,海能技术,11.170,-0.16,-1.412,11.170,11.190,11.330,11.390,11.550,11.140,712160,8061279,15:30:00,18.617,1.92,94475.6366,66134.06262,1.20283
bj430478,430478,峆一药业,21.820,-0.73,-3.237,21.820,21.830,22.550,21.300,22.510,21.300,1784045,38945227,15:30:00,11.606,1.959,87623.665,41932.637368,9.28343
bj430489,430489,佳先股份,7.590,-0.17,-2.191,7.590,7.610,7.760,7.600,8.180,7.490,9546899,74206664,15:30:00,17.25,1.983,103572.5328,65041.555491,11.14072
bj430510,430510,丰光精密,20.600,0.14,0.684,20.600,20.660,20.460,19.330,22.100,19.330,5314578,112894685,15:30:00,37.037,6.622,271057.63868,129628.33868,8.44571
bj430556,430556,雅达股份,5.330,-0.18,-3.267,5.320,5.330,5.510,5.560,5.590,5.300,3257233,17684366,15:30:00,15.676,1.699,85981.0016,42209.258182,4.11309
bj430564,430564,天润科技,12.820,-0.43,-3.245,12.820,12.860,13.250,12.980,13.670,12.720,2645188,34902429,15:30:00,18.853,3.166,95546.201076,26765.12807,12.66996
bj430685,430685,新芝生物,11.190,-0.26,-2.271,11.180,11.190,11.450,11.400,11.900,11.150,1486519,17260797,15:30:00,20.345,1.994,102406.337979,49889.989479,3.33417
bj430718,430718,合肥高科,10.870,-0.15,-1.361,10.850,10.870,11.020,10.900,11.170,10.720,1006271,11004805,15:30:00,16.47,2.0,98554.7029,26514.2127,4.1254
bj830779,830779,武汉蓝电,29.290,-0.42,-1.414,29.260,29.290,29.710,29.470,30.110,29.010,306100,9050797,15:30:00,19.397,3.473,167538.8,41884.702929,2.14056
bj830799,830799,艾融软件,13.500,-0.63,-4.459,13.500,13.510,14.130,13.730,14.830,13.440,11765730,166278558,15:30:00,54.0,7.903,283998.555,158697.75015,10.0088
bj830809,830809,安达科技,5.390,-0.17,-3.058,5.390,5.400,5.560,5.530,5.600,5.360,3708827,20359460,15:30:00,3.267,1.252,329604.332519,178755.656772,1.11832
bj830832,830832,齐鲁华信,5.150,0.01,0.195,5.140,5.150,5.140,5.140,5.360,5.060,1820073,9442496,15:30:00,15.237,0.933,71463.390475,64299.60606,1.45777
bj830839,830839,万通液压,11.920,-0.43,-3.482,11.920,11.930,12.350,12.330,12.450,11.810,922416,11156331,15:30:00,21.864,2.863,142256.26,76742.599,1.43274
bj830879,830879,基康仪器,9.780,-0.12,-1.212,9.780,9.790,9.900,9.900,10.150,9.750,593899,5896712,15:30:00,20.817,2.584,136428.824928,51283.813386,1.13259
bj830896,830896,旺成科技,9.200,-0.25,-2.646,9.200,9.220,9.450,9.400,9.690,9.140,1616968,15254576,15:30:00,19.167,2.368,93126.3008,23424.12092,6.35076
bj830946,830946,森萱医药,8.410,-0.22,-2.549,8.400,8.410,8.630,8.480,8.770,8.410,3047899,26061274,15:30:00,22.361,3.247,359038.32394,358880.63644,0.71424
bj830964,830964,润农节水,3.530,-0.04,-1.12,3.530,3.540,3.570,3.540,3.630,3.520,4359844,15570756,15:30:00,18.579,1.039,92206.424,63326.580083,2.4303
bj830974,830974,凯大催化,8.470,-0.1,-1.167,8.470,8.480,8.570,8.500,8.620,8.230,4874384,41061488,15:30:00,18.822,2.139,138738.6,90564.116412,4.55876
bj831010,831010,凯添燃气,4.920,-0.09,-1.796,4.920,4.930,5.010,5.000,5.100,4.880,4610241,23028354,15:30:00,20.5,1.816,115374.0,79294.706676,2.86052
bj831039,831039,国义招标,8.890,-0.7,-7.299,8.890,8.900,9.590,9.250,9.600,8.710,7730790,70525503,15:30:00,20.674,2.331,136745.98,136745.8911,5.02587
bj831087,831087,秋乐种业,11.600,1.13,10.793,11.600,11.610,10.470,10.400,11.850,10.320,9562139,105975634,15:30:00,25.256,3.975,191632.0,82638.516,13.42241
bj831152,831152,昆工科技,14.840,0.17,1.159,14.760,14.840,14.670,14.500,15.200,14.500,881621,13075437,15:30:00,30.917,3.534,161150.0828,124192.2129,1.05347
bj831167,831167,鑫汇科,15.110,-0.46,-2.954,15.100,15.110,15.570,15.450,16.100,15.100,1050630,16404984,15:30:00,32.848,2.983,75524.223851,30540.774723,5.19798
bj831175,831175,派诺科技,15.940,-0.16,-0.994,15.910,15.940,16.100,16.000,16.780,15.620,1969113,32026646,15:30:00,17.91,2.101,126898.34,39132.26165,8.02092
bj831195,831195,三祥科技,13.150,-0.05,-0.379,13.140,13.150,13.200,13.200,13.760,13.120,3400250,45777315,15:30:00,19.924,1.926,128909.45,51586.135,8.66769
bj831278,831278,泰德股份,4.920,0.04,0.82,4.920,4.930,4.880,4.830,5.170,4.780,5510746,27540289,15:30:00,32.8,2.204,76518.792,47975.370672,5.65141
bj831304,831304,迪尔化工,8.050,-0.44,-5.183,8.050,8.060,8.490,8.290,8.810,8.000,6355430,53517184,15:30:00,14.709,2.996,130641.84,51828.24255,9.8713
bj831305,831305,海希通讯,11.060,-0.16,-1.426,11.060,11.080,11.220,11.100,11.280,11.000,892925,9911032,15:30:00,25.721,2.04,155127.56,121356.064564,0.81378
bj831370,831370,新安洁,2.930,-0.03,-1.014,2.930,2.940,2.960,2.950,2.990,2.920,2868053,8493196,15:30:00,-17.235,1.24,89740.04,78370.312417,1.07227
bj831396,831396,N许智,7.420,2.82,61.304,7.420,7.430,4.600,8.800,9.280,7.390,59147566,492067407,15:30:00,20.054,3.015,119239.4,63855.067906,68.72985
bj831445,831445,龙竹科技,6.250,-0.19,-2.95,6.250,6.290,6.440,6.390,6.540,6.250,1882564,12044247,15:30:00,21.552,2.466,93160.640625,57785.29625,2.03616
bj831526,831526,凯华材料,31.480,3.93,14.265,31.440,31.480,27.550,27.120,35.810,26.800,14666736,464857086,15:30:00,116.593,12.721,260339.6,77692.854064,59.42745
bj831627,831627,力王股份,14.830,0.31,2.135,14.820,14.830,14.520,14.110,15.680,13.830,5595246,84329919,15:30:00,26.482,3.332,140069.35,36331.5721,22.83895
bj831641,831641,格利尔,9.350,-0.51,-5.172,9.350,9.370,9.860,9.840,10.050,9.300,1746573,17132542,15:30:00,9.444,2.055,77282.425,24392.90645,6.69476
bj831689,831689,克莱特,13.150,-0.48,-3.522,13.150,13.160,13.630,13.690,13.980,13.150,347813,4756155,15:30:00,18.521,2.215,96521.0,46929.921195,0.97459
bj831726,831726,朱老六,9.150,-0.4,-4.188,9.090,9.150,9.550,9.600,9.680,8.930,1454319,13773452,15:30:00,14.446,2.029,93247.65,51184.830075,2.5998
bj831768,831768,拾比佰,5.500,-0.04,-0.722,5.500,5.510,5.540,5.530,5.780,5.410,1645032,9158098,15:30:00,45.833,0.928,61033.5,42331.1988,2.13735
bj831832,831832,科达自控,15.480,0.13,0.847,15.480,15.560,15.350,15.450,16.080,15.240,1688263,26496892,15:30:00,19.846,1.901,119629.44,95526.380304,2.73582
bj831834,831834,三维股份,6.670,-0.21,-3.052,6.660,6.670,6.880,6.850,7.120,6.640,2142162,14770094,15:30:00,18.027,2.794,80040.003335,21986.990668,6.49849
bj831855,831855,浙江大农,10.820,0.03,0.278,10.820,10.850,10.790,10.790,11.680,10.650,1426216,15821847,15:30:00,14.427,1.528,80861.466306,23071.892832,6.68851
bj831856,831856,浩淼科技,7.060,-0.02,-0.282,7.040,7.060,7.080,7.070,7.200,7.010,1323121,9409333,15:30:00,17.22,1.384,61441.911318,39706.217306,2.35259
bj831906,831906,舜宇精工,16.650,-0.12,-0.716,16.650,16.670,16.770,16.590,17.470,16.490,2323955,39411334,15:30:00,14.231,2.034,108175.05,33240.726,11.6405
bj831961,831961,创远信科,12.070,-0.52,-4.13,12.070,12.080,12.590,12.330,12.550,11.980,3450044,42255921,15:30:00,75.438,2.362,172408.493156,127264.641256,3.27208
bj832000,832000,安徽凤凰,8.860,-0.15,-1.665,8.860,8.870,9.010,8.940,9.280,8.840,1432604,13024261,15:30:00,20.136,1.496,81228.48,29070.883566,4.36618
bj832023,832023,田野股份,3.340,-0.04,-1.183,3.340,3.350,3.380,3.350,3.430,3.330,4060362,13694604,15:30:00,16.852,0.923,109319.536,82158.4556,1.65067
bj832089,832089,禾昌聚合,14.800,-0.22,-1.465,14.790,14.800,15.020,14.840,15.100,14.720,529318,7902305,15:30:00,17.412,1.621,159277.6,98843.72252,0.79255
bj832110,832110,雷特科技,18.800,-0.49,-2.54,18.800,18.880,19.290,19.290,19.580,18.360,961923,18149658,15:30:00,16.068,2.187,73320.0,22610.76,7.99803
bj832145,832145,恒合股份,7.030,-0.06,-0.846,7.030,7.050,7.090,7.170,7.300,7.030,760804,5436454,15:30:00,87.875,1.792,49596.65,31513.55675,1.69719
bj832149,832149,利尔达,5.510,-0.19,-3.333,5.500,5.510,5.700,5.680,5.770,5.470,4578135,25778241,15:30:00,19.679,2.952,232318.13,63110.902493,3.99702
bj832171,832171,志晟信息,10.840,1.24,12.917,10.840,10.870,9.600,9.070,11.800,9.070,13355029,141597294,15:30:00,-57.053,2.929,108652.82674,72804.944572,19.88443
bj832175,832175,东方碳素,9.880,-0.13,-1.299,9.860,9.880,10.010,10.060,10.180,9.880,1334858,13333107,15:30:00,8.517,1.393,117572.0,59767.379412,2.20662
bj832225,832225,利通科技,17.360,0.2,1.166,17.350,17.360,17.160,17.330,17.810,17.060,1791142,30693540,15:30:00,21.975,3.312,183609.33332,100061.92028,3.1075
bj832278,832278,鹿得医疗,6.850,-0.15,-2.143,6.850,6.860,7.000,6.940,7.080,6.800,2233438,15519293,15:30:00,34.439,3.137,120560.0,49997.054,3.05999
bj832419,832419,路斯股份,11.300,-0.28,-2.418,11.300,11.320,11.580,11.510,11.700,11.250,827538,9426868,15:30:00,26.297,2.524,116894.432,104816.03037,0.89215
bj832469,832469,富恒新材,15.550,2.46,18.793,15.550,15.570,13.090,13.100,15.850,12.880,9124450,136931907,15:30:00,27.768,3.947,168593.1,49446.02684,28.69496
bj832471,832471,美邦科技,9.590,-0.31,-3.131,9.580,9.590,9.900,9.890,10.060,9.530,903598,8910733,15:30:00,11.047,1.443,79788.8,27412.193137,3.16119
bj832491,832491,奥迪威,15.720,0.0,0.0,15.720,15.780,15.720,15.770,15.960,15.430,1701849,26825819,15:30:00,37.429,2.379,221902.495056,175758.146964,1.52215
bj832522,832522,纳科诺尔,20.010,0.1,0.502,20.000,20.010,19.910,19.930,20.660,19.750,1388452,28159948,15:30:00,10.209,2.741,186833.37,101249.5995,2.744
bj832566,832566,梓橦宫,8.350,-0.25,-2.907,8.350,8.390,8.600,8.500,8.750,8.330,2463080,21023719,15:30:00,11.929,1.726,122378.5018,93878.850435,2.19077
bj832651,832651,天罡股份,16.500,-0.07,-0.422,16.290,16.500,16.570,16.540,16.940,16.210,343476,5708865,15:30:00,14.534,2.238,100650.0,25203.53715,2.24863
bj832662,832662,方盛股份,13.990,-0.49,-3.384,13.990,14.000,14.480,14.300,14.700,13.920,1745145,25009955,15:30:00,16.855,2.812,122482.452798,33828.781113,7.2171
bj832735,832735,德源药业,26.410,-0.74,-2.726,26.400,26.410,27.150,27.150,27.180,26.380,257534,6912500,15:30:00,13.827,2.316,206645.15064,144636.723413,0.47025
bj832786,832786,骑士乳业,7.580,-0.09,-1.173,7.580,7.590,7.670,7.450,7.850,7.390,4752166,36156842,15:30:00,16.478,2.0,158462.174,60544.27976,5.9496
bj832802,832802,保丽洁,10.790,-0.13,-1.19,10.790,10.920,10.920,10.810,11.190,10.610,1255236,13719960,15:30:00,16.155,1.675,68066.8807,17312.8787,7.82308
bj832876,832876,慧为智能,14.320,-0.51,-3.439,14.320,14.350,14.830,14.500,15.550,14.220,3436325,51092699,15:30:00,28.726,3.619,91906.703688,30402.730424,16.18545
bj832885,832885,星辰科技,7.110,-0.07,-0.975,7.110,7.130,7.180,7.180,7.400,7.020,3135977,22657744,15:30:00,22.935,3.328,121662.73656,61791.615018,3.60839
bj832978,832978,开特股份,12.250,0.32,2.682,12.240,12.250,11.930,12.150,12.880,11.950,4517068,56377069,15:30:00,25.0,3.646,216704.2983,105180.292175,5.26088
bj832982,832982,锦波生物,234.600,4.17,1.81,234.510,234.600,230.430,228.000,236.660,227.440,165151,38594135,15:30:00,134.057,18.877,1597297.56,557374.15194,0.69512
bj833030,833030,立方控股,13.090,-0.12,-0.908,13.090,13.100,13.210,13.390,13.390,12.940,1044013,13809774,15:30:00,23.8,1.96,120746.395924,29325.169643,4.6602
bj833075,833075,柏星龙,11.840,-0.41,-3.347,11.840,11.850,12.250,12.000,12.560,11.840,1317340,16072468,15:30:00,15.722,1.982,76740.96,29154.52,5.34988
bj833171,833171,国航远洋,4.790,-0.09,-1.844,4.790,4.800,4.880,4.880,5.080,4.770,20636750,101703545,15:30:00,11.316,1.95,266040.169987,105260.382204,9.391
bj833230,833230,欧康医药,11.800,-0.44,-3.595,11.750,11.800,12.240,12.200,12.270,11.700,504027,6021258,15:30:00,20.702,2.3,89245.05672,22311.26418,2.6657
bj833266,833266,生物谷,10.790,-0.83,-7.143,10.790,10.800,11.620,11.350,11.580,10.770,6528966,72685476,15:30:00,-26.975,1.315,133796.007553,101726.885624,6.92516
bj833284,833284,灵鸽科技,10.230,-0.12,-1.159,10.230,10.280,10.350,10.350,10.680,10.190,1837194,19131592,15:30:00,19.53,3.928,107195.714835,26008.041015,7.22642
bj833346,833346,威贸电子,13.250,-1.17,-8.114,13.250,13.400,14.420,13.730,14.410,13.160,6581980,90659481,15:30:00,28.804,2.54,106904.448975,37598.336475,23.1955
bj833394,833394,民士达,15.550,-0.51,-3.176,15.540,15.550,16.060,15.830,16.290,15.550,1718222,27391458,15:30:00,25.492,3.641,227418.75,65792.05,4.06103
bj833427,833427,华维设计,11.470,0.79,7.397,11.460,11.470,10.680,10.550,12.000,10.100,4972805,54811541,15:30:00,35.844,3.391,118249.965,45161.521494,12.62979
bj833429,833429,康比特,11.050,-0.17,-1.515,11.050,11.060,11.220,11.170,11.580,10.980,1543536,17459574,15:30:00,20.463,1.785,137572.5,54895.074,3.10703
bj833454,833454,同心传动,7.050,-0.12,-1.674,7.030,7.050,7.170,7.080,7.240,7.050,1157486,8276591,15:30:00,38.399,2.463,74095.5,42294.624375,1.92939
bj833455,833455,汇隆活塞,4.790,-0.11,-2.245,4.780,4.790,4.900,4.880,4.980,4.740,1809267,8812126,15:30:00,17.741,2.579,84998.55,24361.489261,3.55741
bj833509,833509,同惠电子,8.840,-0.26,-2.857,8.830,8.840,9.100,8.870,9.150,8.830,1142447,10238460,15:30:00,16.679,4.406,144172.838264,72215.200252,1.39849
bj833523,833523,德瑞锂电,13.560,-0.12,-0.877,13.560,13.570,13.680,13.700,14.240,13.500,1559004,21656003,15:30:00,23.607,2.433,105665.12028,62512.062396,3.38176
bj833533,833533,骏创科技,15.160,-0.57,-3.624,15.160,15.180,15.730,15.700,15.880,15.000,1504806,23089428,15:30:00,12.847,5.45,151829.0676,53161.32186,4.29125
bj833575,833575,康乐卫士,20.370,0.01,0.049,20.370,20.430,20.360,20.300,20.940,20.020,1758257,36177542,15:30:00,-8.895,5.837,572274.78,278112.99516,1.28781
bj833580,833580,科创新材,7.130,0.1,1.422,7.120,7.130,7.030,7.030,7.590,7.030,1787976,13050701,15:30:00,39.611,1.865,61318.0,39859.238993,3.19832
bj833751,833751,惠同新材,8.970,-0.14,-1.537,8.960,8.970,9.110,8.980,9.500,8.860,3949425,36224324,15:30:00,17.588,2.179,77841.66,38009.9265,9.32029
bj833781,833781,瑞奇智造,5.440,-0.16,-2.857,5.430,5.440,5.600,5.610,5.660,5.410,2279255,12652538,15:30:00,10.667,1.965,76440.434176,49890.917824,2.48525
bj833819,833819,颖泰生物,4.130,-0.04,-0.959,4.120,4.130,4.170,4.150,4.220,4.100,3193460,13241432,15:30:00,4.802,0.859,506255.4,498933.21975,0.26434
bj833873,833873,中设咨询,3.990,-0.23,-5.45,3.990,4.000,4.220,4.220,4.220,3.990,9180349,37569657,15:30:00,-21.0,1.472,61201.413798,43563.020298,8.40841
bj833914,833914,远航精密,10.150,-0.27,-2.591,10.130,10.150,10.420,10.430,10.600,10.000,1640710,16885377,15:30:00,14.71,1.168,101500.0,61102.74625,2.72544
bj833943,833943,优机股份,12.100,-0.12,-0.982,12.100,12.110,12.220,12.160,12.680,12.020,616688,7604554,15:30:00,13.596,2.293,122840.86738,49854.55068,1.49674
bj834014,834014,特瑞斯,9.590,-0.16,-1.641,9.590,9.620,9.750,9.850,9.890,9.550,768137,7468672,15:30:00,11.282,1.564,120551.32516,41357.973055,1.78114
bj834021,834021,流金科技,4.910,0.07,1.446,4.910,4.930,4.840,4.930,5.120,4.870,20133614,100821746,15:30:00,70.143,2.301,151718.991653,113370.900815,8.7197
bj834033,834033,康普化学,38.600,-0.4,-1.026,38.180,38.600,39.000,38.630,39.350,37.910,245700,9498105,15:30:00,27.571,5.401,353740.05,123921.1312,0.76533
bj834058,834058,华洋赛车,24.590,-0.27,-1.086,24.580,24.590,24.860,24.700,26.200,24.100,1415614,35679099,15:30:00,15.662,4.031,137704.0,27645.041928,12.59175
bj834062,834062,科润智控,6.800,-0.43,-5.947,6.800,6.810,7.230,7.230,7.280,6.730,10580411,74639499,15:30:00,18.378,1.949,125178.66836,73027.85268,9.85197
bj834261,834261,一诺威,8.530,-0.32,-3.616,8.510,8.530,8.850,8.750,8.920,8.500,862668,7491649,15:30:00,11.685,1.767,248336.234044,105610.349676,0.69676
bj834407,834407,驰诚股份,12.890,0.19,1.496,12.890,13.000,12.700,12.680,14.320,12.510,2484642,33287644,15:30:00,25.78,3.45,84661.52,18207.3828,17.59014
bj834415,834415,恒拓开源,5.580,-0.31,-5.263,5.580,5.620,5.890,5.890,5.910,5.580,3405803,19613696,15:30:00,111.6,1.543,78405.409746,76940.898012,2.47
bj834475,834475,三友科技,8.720,-0.17,-1.912,8.720,8.810,8.890,8.900,9.020,8.700,754868,6700589,15:30:00,18.957,2.483,89781.12,39694.310256,1.65829
bj834599,834599,同力股份,9.160,-0.08,-0.866,9.150,9.160,9.240,9.170,9.260,9.090,2524307,23167970,15:30:00,8.791,1.836,414512.9,191593.410592,1.20686
bj834639,834639,晨光电缆,4.850,-0.15,-3.0,4.830,4.850,5.000,4.930,5.070,4.850,2252534,11195049,15:30:00,13.108,1.167,97776.0,42829.504645,2.55076
bj834682,834682,球冠电缆,7.200,-0.19,-2.571,7.200,7.220,7.390,7.390,7.520,7.180,2396185,17652049,15:30:00,13.846,1.469,149760.0,57551.832,2.99774
bj834765,834765,美之高,8.200,-0.26,-3.073,8.190,8.200,8.460,8.410,8.700,8.200,2042529,17243718,15:30:00,22.162,1.751,57082.69608,36077.7819,4.6424
bj834770,834770,艾能聚,8.850,-0.54,-5.751,8.840,8.850,9.390,9.130,9.620,8.850,6755922,62247757,15:30:00,15.259,2.083,115166.974875,58245.693555,10.26512
bj834950,834950,迅安科技,19.320,-1.21,-5.894,19.320,19.400,20.530,20.490,20.880,19.080,520204,10476999,15:30:00,16.8,3.535,90804.0,23184.0,4.33503
bj835174,835174,五新隧装,23.830,-0.76,-3.091,23.820,23.830,24.590,24.190,25.380,23.520,3724687,90570390,15:30:00,27.709,3.226,214490.774994,118829.212455,7.46948
bj835179,835179,凯德石英,18.150,-0.37,-1.998,18.120,18.150,18.520,18.370,18.880,18.070,494352,9127883,15:30:00,24.2,1.976,136125.0,110657.48628,0.81083
bj835184,835184,国源科技,7.580,-0.22,-2.821,7.560,7.580,7.800,7.740,8.000,7.520,3074735,23897985,15:30:00,-11.98,1.714,101412.82,67027.16572,3.47717
bj835185,835185,贝特瑞,20.320,-0.46,-2.214,20.320,20.330,20.780,20.590,20.960,20.230,1455692,29956737,15:30:00,6.41,1.99,2245060.710784,2211782.852016,0.13374
bj835207,835207,众诚科技,10.930,0.07,0.645,10.930,10.940,10.860,11.150,11.620,10.870,3942480,43958650,15:30:00,43.72,3.053,104703.935,38487.0439,11.19631
bj835237,835237,力佳科技,14.130,-0.58,-3.943,14.130,14.200,14.710,14.590,14.850,14.110,489630,7126798,15:30:00,15.194,1.687,72656.46,48589.591194,1.42386
bj835305,835305,云创数据,14.250,-0.2,-1.384,14.250,14.270,14.450,14.120,14.800,14.100,1807361,26165356,15:30:00,-129.545,2.232,188635.978125,115568.746875,2.22853
bj835368,835368,连城数控,35.390,-1.1,-3.015,35.380,35.390,36.490,36.200,36.540,35.210,597715,21510225,15:30:00,18.242,2.297,826355.22596,427952.219563,0.49429
bj835508,835508,殷图网联,11.470,-0.52,-4.337,11.470,11.480,11.990,11.990,12.260,11.380,1595865,18914007,15:30:00,88.231,2.794,57350.0,29865.0125,6.1291
bj835579,835579,机科股份,19.790,-1.69,-7.868,19.790,19.800,21.480,21.080,23.490,19.710,10729072,229533028,15:30:00,46.023,10.908,256240.92,68543.4566,30.97719
bj835640,835640,富士达,17.500,-1.1,-5.914,17.410,17.500,18.600,18.130,18.680,17.500,3065687,55221994,15:30:00,23.002,3.965,328524.0,307182.59425,1.7465
bj835670,835670,数字人,13.150,-0.16,-1.202,13.150,13.160,13.310,13.310,13.650,13.120,2045623,27396466,15:30:00,-328.75,5.512,139629.856,87327.073615,3.08037
bj835857,835857,百甲科技,4.320,-0.14,-3.139,4.320,4.330,4.460,4.400,4.520,4.300,2259056,9999217,15:30:00,11.368,1.095,78305.744304,45203.669568,2.15892
bj835892,835892,中科美菱,14.300,-1.88,-11.619,14.290,14.300,16.180,15.640,16.590,14.240,9661817,146700009,15:30:00,20.824,2.315,138325.23562,39894.39311,34.63243
bj835985,835985,海泰新能,6.960,-0.2,-2.793,6.950,6.960,7.160,7.060,7.330,6.920,5057509,35933325,15:30:00,15.818,1.71,215395.4352,93590.478984,3.76109
bj836077,836077,吉林碳谷,13.650,-0.37,-2.639,13.650,13.660,14.020,13.910,14.050,13.500,2233953,30827349,15:30:00,6.909,3.213,802185.680205,371417.839065,0.821
bj836149,836149,旭杰科技,7.120,-0.04,-0.559,7.120,7.130,7.160,7.010,7.320,6.990,1920556,13736086,15:30:00,-21.576,2.968,52515.696,34086.957992,4.01161
bj836208,836208,青矩技术,40.500,-0.85,-2.056,40.180,40.500,41.350,41.220,42.000,39.890,340959,13880203,15:30:00,14.935,3.283,277921.7568,49471.66935,2.79126
bj836221,836221,易实精密,17.400,0.4,2.353,17.400,17.410,17.000,16.500,18.520,16.200,7166871,126507060,15:30:00,34.118,4.739,168258.0,50080.332,24.9007
bj836239,836239,长虹能源,14.840,0.17,1.159,14.840,14.870,14.670,14.460,15.240,14.330,1972380,29301352,15:30:00,17.21,2.476,192998.656452,73776.442656,3.96741
bj836247,836247,华密新材,27.390,6.32,29.995,27.390,0.000,21.070,20.980,27.390,20.880,13284593,337747119,15:30:00,44.902,6.053,255333.4146,63834.0384,57.00172
bj836260,836260,中寰股份,8.350,-0.16,-1.88,8.260,8.350,8.510,8.460,8.550,8.250,1290359,10868062,15:30:00,19.419,2.154,86464.25,34627.692985,3.11153
bj836263,836263,中航泰达,7.310,-0.52,-6.641,7.310,7.320,7.830,7.750,7.930,7.300,3945624,30180206,15:30:00,23.581,1.998,102310.76,74434.960972,3.87486
bj836270,836270,天铭科技,15.170,0.42,2.847,15.170,15.180,14.750,14.800,15.680,14.220,2430366,36685567,15:30:00,12.748,3.339,132252.06,33694.3904,10.94207
bj836395,836395,朗鸿科技,9.550,-0.05,-0.521,9.520,9.550,9.600,9.600,9.880,9.460,1308366,12644180,15:30:00,9.272,4.337,87439.8,26432.83762,4.72704
bj836414,836414,欧普泰,14.350,-0.32,-2.181,14.350,14.380,14.670,14.700,14.970,14.120,3052662,44410068,15:30:00,13.571,3.119,95676.54999,56656.77332,7.73177
bj836419,836419,万德股份,9.000,-0.21,-2.28,8.990,9.000,9.210,9.210,9.290,9.000,937775,8585075,15:30:00,11.25,1.635,80332.2936,32934.5577,2.56265
bj836422,836422,润普食品,7.600,-0.2,-2.564,7.600,7.680,7.800,7.690,7.930,7.600,1356549,10521350,15:30:00,7.037,1.555,67246.8596,23251.5996,4.43401
bj836433,836433,大唐药业,5.100,-0.12,-2.299,5.100,5.110,5.220,5.170,5.290,5.080,4828051,24968639,15:30:00,102.0,2.667,131976.36231,86257.66935,2.85459
bj836504,836504,博迅生物,18.360,-3.14,-14.605,18.350,18.360,21.500,20.310,20.900,18.330,4827219,94788298,15:30:00,24.48,3.753,79559.5716,20168.6436,43.94333
bj836547,836547,无锡晶海,26.000,-0.55,-2.072,26.000,26.460,26.550,26.400,27.300,26.000,633883,16914035,15:30:00,18.182,4.82,168324.0,38532.78,4.27713
bj836675,836675,秉扬科技,6.550,-0.19,-2.819,6.550,6.570,6.740,6.750,6.790,6.550,1386975,9233105,15:30:00,18.306,1.998,112789.69,51282.87785,1.77149
bj836699,836699,海达尔,15.100,-0.67,-4.249,15.090,15.100,15.770,15.700,16.090,15.080,891404,13931021,15:30:00,15.895,2.86,68894.203,19064.203,7.06046
bj836717,836717,瑞星股份,7.410,-0.27,-3.516,7.410,7.440,7.680,7.750,7.930,7.380,1433287,11022047,15:30:00,0.0,1.501,84977.88,20854.704,5.09269
bj836720,836720,吉冈精密,11.940,0.28,2.401,11.940,11.980,11.660,11.490,12.500,11.300,6495763,78554343,15:30:00,17.968,5.199,227136.2916,60317.629932,12.8585
bj836807,836807,奔朗新材,6.200,-0.09,-1.431,6.200,6.220,6.290,6.290,6.400,6.160,1354159,8493172,15:30:00,14.091,1.203,112765.6,49678.00344,1.69004
bj836826,836826,盖世食品,9.220,-0.45,-4.654,9.220,9.230,9.670,9.470,9.880,9.190,5283127,50539617,15:30:00,25.611,3.457,108244.263214,46912.504202,10.38325
bj836871,836871,派特尔,7.660,-0.15,-1.921,7.620,7.660,7.810,7.860,7.960,7.660,508628,3986831,15:30:00,27.357,2.379,56483.013856,30335.202472,1.28435
bj836892,836892,广咨国际,13.290,-0.83,-5.878,13.290,13.300,14.120,13.480,14.520,13.050,3543274,48699312,15:30:00,16.823,4.71,171512.840424,147905.897151,3.18379
bj836942,836942,恒立钻具,10.730,-0.22,-2.009,10.730,10.810,10.950,10.880,11.100,10.720,350605,3830497,15:30:00,16.248,1.49,65803.9783,35754.47381,1.05217
bj836957,836957,汉维科技,7.680,-0.11,-1.412,7.600,7.680,7.790,7.760,7.990,7.560,456302,3545096,15:30:00,19.692,2.163,82407.424512,20601.856512,1.70101
bj836961,836961,西磁科技,20.780,-0.16,-0.764,20.760,20.780,20.940,20.980,21.790,20.590,1291947,27408791,15:30:00,34.066,9.865,147101.62,33456.196898,8.02442
bj837006,837006,晟楠科技,14.500,0.07,0.485,14.450,14.500,14.430,14.600,14.960,14.200,1798552,26333777,15:30:00,20.714,3.753,130916.44,41783.2,6.2415
bj837046,837046,亿能电力,8.050,0.15,1.899,8.050,8.060,7.900,7.990,8.070,7.720,1039817,8233585,15:30:00,27.759,2.504,58161.25,25821.948775,3.24163
bj837092,837092,汉鑫科技,32.440,0.8,2.528,32.440,32.450,31.640,32.000,33.330,31.010,1856765,60315882,15:30:00,-135.167,4.081,155374.624,80138.789824,7.51614
bj837174,837174,宏裕包材,14.160,-0.5,-3.411,14.160,14.180,14.660,14.290,15.280,14.060,3278673,47743923,15:30:00,17.481,2.223,115168.000944,23033.885088,20.15553
bj837212,837212,智新电子,9.300,-0.48,-4.908,9.300,9.310,9.780,9.750,9.870,9.210,2768678,26265093,15:30:00,21.628,2.462,98673.0,48524.145,5.30637
bj837242,837242,建邦科技,17.980,-0.45,-2.442,17.980,18.000,18.430,18.350,18.870,17.890,786592,14537287,15:30:00,22.198,2.486,116005.6115,62861.63105,2.24985
bj837344,837344,三元基因,18.840,-0.64,-3.285,18.640,18.840,19.480,18.930,19.100,18.100,546222,10272799,15:30:00,75.36,3.895,229490.04,213948.539664,0.481
bj837403,837403,康农种业,15.300,0.48,3.239,15.280,15.300,14.820,14.670,15.540,14.600,4381281,66396369,15:30:00,14.571,3.554,80508.6,32607.36,20.55781
bj837592,837592,华信永道,21.220,-2.25,-9.587,21.220,21.230,23.470,22.070,24.100,21.210,6854274,154741269,15:30:00,29.068,4.042,131882.3,36358.297072,40.00399
bj837663,837663,明阳科技,11.920,-0.07,-0.584,11.910,11.920,11.990,12.090,12.270,11.910,1358428,16392675,15:30:00,9.099,3.701,123014.4,36217.46576,4.4709
bj837748,837748,路桥信息,22.190,0.1,0.453,22.190,22.230,22.090,21.530,23.610,21.530,4975826,113441907,15:30:00,36.983,6.192,170286.06,29814.559446,37.03344
bj837821,837821,则成电子,17.250,-1.83,-9.591,17.240,17.250,19.080,18.300,19.330,17.180,5105051,93094001,15:30:00,38.316,2.447,121772.59035,31500.385425,27.95589
bj838030,838030,德众汽车,3.730,-0.04,-1.061,3.730,3.740,3.770,3.770,3.830,3.720,3082327,11647043,15:30:00,31.083,1.373,66707.201013,35579.256258,3.2314
bj838163,838163,方大新材,11.070,0.7,6.75,11.030,11.070,10.370,10.300,11.350,10.070,3353217,36677127,15:30:00,34.594,3.297,142811.856,67346.974125,5.51177
bj838171,838171,邦德股份,13.390,-0.22,-1.616,13.390,13.400,13.610,13.610,14.210,13.390,1131455,15617252,15:30:00,18.859,3.267,159247.27,69494.766822,2.18005
bj838227,838227,美登科技,25.050,-1.43,-5.4,25.050,25.110,26.480,26.100,26.800,24.990,1058086,27208750,15:30:00,18.556,2.449,97548.4575,26396.87337,10.04098
bj838262,838262,太湖雪,16.010,-0.66,-3.959,16.000,16.010,16.670,16.100,17.160,16.000,2351435,38769727,15:30:00,13.927,2.73,85116.777558,20968.181728,17.9541
bj838275,838275,驱动力,4.190,0.01,0.239,4.160,4.190,4.180,4.140,4.300,4.110,2088373,8775491,15:30:00,38.091,2.935,67156.3144,37791.451086,2.31541
bj838402,838402,硅烷科技,14.220,-0.8,-5.326,14.210,14.220,15.020,14.780,15.030,14.200,5183121,75833321,15:30:00,19.216,2.96,461668.78098,461668.78098,1.59647
bj838670,838670,恒进感应,11.480,0.08,0.702,11.470,11.480,11.400,11.430,12.120,11.020,2808575,32860183,15:30:00,10.933,3.501,153832.0,75771.3292,4.25523
bj838701,838701,豪声电子,13.510,0.01,0.074,13.510,13.530,13.500,13.180,14.240,13.140,2619812,35951519,15:30:00,15.18,2.462,132398.0,26480.951,13.36571
bj838810,838810,春光药装,9.060,-0.1,-1.092,9.050,9.060,9.160,9.160,9.290,9.020,862850,7894948,15:30:00,11.615,2.16,62061.0,23457.831276,3.33254
bj838837,838837,华原股份,8.090,-0.9,-10.011,8.070,8.090,8.990,8.580,9.170,8.060,8680801,74925725,15:30:00,26.967,2.595,122735.644683,36997.824683,18.98157
bj838924,838924,广脉科技,9.760,-0.22,-2.204,9.760,9.790,9.980,9.970,10.150,9.760,1082208,10795856,15:30:00,54.222,3.019,81008.0,47738.220336,2.21256
bj838971,838971,天马新材,13.460,0.55,4.26,13.460,13.500,12.910,12.860,14.370,12.860,4025011,55753139,15:30:00,17.685,3.2,142848.290692,43167.669642,12.55028
bj839167,839167,同享科技,23.000,-0.75,-3.158,23.000,23.010,23.750,23.110,24.880,22.830,5527781,132256958,15:30:00,47.917,4.714,251436.0,149747.25,8.49024
bj839273,839273,一致魔芋,13.620,-0.13,-0.945,13.620,13.680,13.750,13.600,13.980,13.500,340379,4677150,15:30:00,12.161,1.76,100452.948,35977.23,1.28858
bj839371,839371,欧福蛋业,5.140,-0.18,-3.383,5.140,5.160,5.320,5.320,5.390,5.110,2703055,14222999,15:30:00,22.348,2.021,105599.005504,27297.323362,5.08977
bj839493,839493,并行科技,48.030,2.07,4.504,48.030,48.040,45.960,46.500,52.000,45.960,2238687,109997064,15:30:00,-19.604,36.751,279678.69,120005.683104,8.95992
bj839680,839680,广道数字,19.570,-0.32,-1.609,19.550,19.570,19.890,20.000,20.420,19.500,1602061,32047316,15:30:00,20.819,1.994,131118.8043,91770.274208,3.41639
bj839719,839719,宁新新材,12.710,-0.1,-0.781,12.680,12.710,12.810,12.850,13.050,12.510,1401797,17984145,15:30:00,9.629,1.252,118321.7114,82656.203278,2.15554
bj839725,839725,惠丰钻石,14.830,-0.48,-3.135,14.830,14.880,15.310,15.150,15.510,14.820,897514,13607538,15:30:00,15.611,2.195,136806.75,62401.321046,2.13299
bj839729,839729,永顺生物,7.280,-0.06,-0.817,7.250,7.280,7.340,7.280,7.410,7.250,836193,6120218,15:30:00,22.75,2.978,198998.8,58418.044776,1.04206
bj839790,839790,联迪信息,10.990,-0.57,-4.931,10.970,10.990,11.560,11.590,12.500,10.650,6961651,80806387,15:30:00,39.25,2.652,86784.75498,39071.645802,19.5816
bj839792,839792,东和新材,7.230,0.14,1.975,7.220,7.230,7.090,7.100,7.430,7.050,1465305,10643907,15:30:00,9.39,1.294,119685.42,39196.932393,2.7028
bj839946,839946,华阳变速,5.120,0.45,9.636,5.120,5.130,4.670,4.670,5.480,4.530,12567054,63866704,15:30:00,-56.889,2.564,69115.106816,51020.8,12.61119
bj870199,870199,倍益康,20.150,-0.03,-0.149,20.140,20.150,20.180,20.100,21.380,19.700,2951405,61073460,15:30:00,11.02,2.681,137241.247,34314.241,17.33123
bj870204,870204,沪江材料,13.240,1.09,8.971,13.220,13.240,12.150,12.150,14.280,11.880,6004255,79567585,15:30:00,22.067,2.119,96028.4953,50811.866932,15.64523
bj870299,870299,灿能电力,7.550,-0.2,-2.581,7.540,7.550,7.750,7.720,7.920,7.550,1893710,14673338,15:30:00,24.355,2.437,68032.50338,20489.23077,6.97806
bj870357,870357,雅葆轩,20.820,-0.48,-2.254,20.820,20.830,21.300,20.070,22.280,19.620,6435555,135951021,15:30:00,17.207,4.762,166726.56,48305.50218,27.73768
bj870436,870436,大地电气,8.030,-0.11,-1.351,8.030,8.090,8.140,8.040,8.380,7.960,1090341,8910176,15:30:00,-32.12,1.751,75864.228,35877.83925,2.44035
bj870508,870508,丰安股份,10.110,-0.29,-2.788,10.110,10.190,10.400,10.400,10.610,10.100,707002,7367673,15:30:00,13.662,1.43,62924.64,26403.742071,2.70711
bj870726,870726,鸿智科技,20.850,-0.71,-3.293,20.850,20.860,21.560,20.690,22.460,20.610,2511312,53767436,15:30:00,18.955,3.355,87026.08605,20124.78279,26.0181
bj870866,870866,绿亨科技,6.570,-0.09,-1.351,6.570,6.600,6.660,6.600,6.800,6.530,1519833,10113872,15:30:00,19.324,1.567,118395.2763,42801.92721,2.33291
bj870976,870976,视声智能,15.480,-0.48,-3.008,15.450,15.480,15.960,15.960,16.570,15.480,986491,15757232,15:30:00,16.645,3.094,78454.188,24572.952,6.21451
bj871245,871245,威博液压,12.000,-0.22,-1.8,12.000,12.110,12.220,12.150,12.530,11.970,439362,5367327,15:30:00,19.355,1.827,58500.0,27306.0312,1.93083
bj871263,871263,莱赛激光,17.150,-0.89,-4.933,17.150,17.280,18.040,18.040,18.040,17.100,1086870,19078372,15:30:00,29.068,5.641,131483.333905,31227.29281,5.96908
bj871396,871396,常辅股份,11.960,-0.13,-1.075,11.950,11.960,12.090,12.240,12.580,11.900,1280838,15750604,15:30:00,28.361,2.578,71490.03888,50236.567524,3.04934
bj871478,871478,巨能股份,15.380,-0.61,-3.815,15.360,15.380,15.990,15.670,16.190,15.380,1929688,30550329,15:30:00,18.53,4.638,117624.851186,35374.0,8.38995
bj871553,871553,凯腾精工,4.850,-0.21,-4.15,4.830,4.850,5.060,5.090,5.090,4.820,1956454,9665328,15:30:00,37.308,2.056,69689.8731,44921.29073,2.11232
bj871634,871634,新威凌,11.800,-0.26,-2.156,11.800,11.830,12.060,11.800,12.460,11.800,1466335,17736644,15:30:00,29.5,3.101,73539.96,18282.8256,9.46394
bj871642,871642,通易航天,9.760,0.23,2.413,9.750,9.760,9.530,9.470,10.310,9.470,5188550,51438854,15:30:00,34.857,4.297,101182.191328,53499.594208,9.46554
bj871694,871694,中裕科技,17.800,-0.81,-4.352,17.780,17.800,18.610,18.590,18.750,17.800,678437,12466868,15:30:00,14.833,2.573,182090.44,44722.75098,2.70023
bj871753,871753,天纺标,28.950,-3.55,-10.923,28.920,28.950,32.500,32.000,34.480,27.990,13958199,439883040,15:30:00,61.596,5.848,235665.64536,61787.985,65.39942
bj871857,871857,泓禧科技,13.310,-0.54,-3.899,13.310,13.340,13.850,13.850,14.270,13.230,1678669,23134187,15:30:00,28.935,2.533,98503.519312,98503.519312,2.26825
bj871970,871970,大禹生物,6.750,0.33,5.14,6.740,6.750,6.420,6.370,6.880,6.370,2574335,17286994,15:30:00,18.243,2.401,75168.27,35575.47,4.88448
bj871981,871981,晶赛科技,15.990,-0.53,-3.208,15.960,15.990,16.520,16.140,17.370,15.530,2941524,47908693,15:30:00,28.053,2.429,122272.332,62360.34441,7.54245
bj872190,872190,雷神科技,19.950,0.7,3.636,19.940,19.950,19.250,18.810,21.550,18.560,8822917,178074902,15:30:00,14.614,2.388,199500.001995,104821.01868,16.79217
bj872351,872351,华光源海,8.380,-0.71,-7.811,8.380,8.390,9.090,8.500,9.160,8.310,8404070,72885848,15:30:00,11.761,1.7,73773.697882,29548.247882,23.83428
bj872374,872374,云里物里,11.500,-0.62,-5.116,11.480,11.500,12.120,12.000,12.410,11.470,1785880,21364415,15:30:00,31.081,3.772,93745.7,34838.3323,5.89512
bj872392,872392,佳合科技,12.390,-0.91,-6.842,12.320,12.390,13.300,13.020,13.350,12.200,779496,9998433,15:30:00,20.65,2.384,72729.3,18749.0436,5.15117
bj872541,872541,铁大科技,7.650,-1.12,-12.771,7.640,7.650,8.770,8.420,9.300,7.610,19347247,160939856,15:30:00,24.677,2.835,104575.5,45533.24676,32.50514
bj872808,872808,曙光数创,38.150,-1.89,-4.72,38.150,38.180,40.040,38.900,43.000,38.000,4717211,190483295,15:30:00,23.262,13.041,763000.003815,735631.01451,2.44636
bj872895,872895,花溪科技,12.080,-0.25,-2.028,12.080,12.100,12.330,12.150,12.700,11.990,1518409,18688690,15:30:00,20.828,3.118,68280.992,22468.0752,8.16375
bj872925,872925,锦好医疗,10.990,-0.01,-0.091,10.850,10.990,11.000,10.910,11.160,10.720,810042,8880489,15:30:00,13.402,2.895,107780.735657,60769.263247,1.46494
bj872953,872953,国子软件,16.370,-0.41,-2.443,16.370,16.380,16.780,16.750,17.500,16.350,1675604,28356928,15:30:00,20.987,3.121,150448.3213,35218.7454,7.78836
bj873001,873001,纬达光电,13.010,-0.89,-6.403,13.010,13.020,13.900,13.390,14.100,13.010,8186082,111743452,15:30:00,23.232,2.678,199906.721404,49989.820451,21.30452
bj873122,873122,中纺标,52.200,0.98,1.913,52.200,52.250,51.220,57.180,60.940,47.780,9907371,541635945,15:30:00,121.395,14.033,482339.00376,68081.85,75.96221
bj873132,873132,泰鹏智能,18.190,-0.97,-5.063,18.180,18.190,19.160,18.710,19.360,18.080,1931121,36102778,15:30:00,18.753,6.663,107612.04,20741.840539,16.93538
bj873152,873152,天宏锂电,9.330,-0.31,-3.216,9.330,9.350,9.640,9.600,9.930,9.330,4583740,44045014,15:30:00,16.368,3.759,95773.070445,36285.873996,11.78593
bj873167,873167,新赣江,13.650,-0.44,-3.123,13.650,13.750,14.090,13.900,14.200,13.310,1708769,23565609,15:30:00,15.167,2.087,96725.60625,26818.76925,8.69715
bj873169,873169,七丰精工,8.030,-0.27,-3.253,8.020,8.030,8.300,8.280,8.480,7.920,2066388,17043116,15:30:00,15.745,2.153,66419.89607,38924.81472,4.26286
bj873223,873223,荣亿精密,4.210,0.03,0.718,4.210,4.220,4.180,4.180,4.470,4.120,2977819,12758264,15:30:00,70.167,2.207,66216.985,33748.93875,3.71467
bj873305,873305,九菱科技,17.100,-0.37,-2.118,17.070,17.100,17.470,17.030,17.980,16.950,559548,9812790,15:30:00,28.033,2.511,76640.49,19178.27757,4.98912
bj873339,873339,恒太照明,5.730,-0.14,-2.385,5.730,5.740,5.870,5.810,5.930,5.730,690124,4011108,15:30:00,8.682,2.272,126176.7774,34136.020611,1.15843
bj873527,873527,夜光明,9.190,-0.23,-2.442,9.150,9.190,9.420,9.460,9.510,9.100,538901,5035735,15:30:00,13.924,1.487,55179.2413,23730.109216,2.08701
bj873570,873570,坤博精工,44.900,-1.25,-2.709,44.900,44.960,46.150,46.150,47.580,44.800,662543,30504513,15:30:00,31.399,8.283,146274.35343,34562.673,8.60703
bj873576,873576,天力复合,22.830,0.12,0.528,22.830,22.840,22.710,22.390,24.290,22.050,3002255,69732311,15:30:00,29.221,5.429,248732.85,74008.58175,9.26129
bj873593,873593,鼎智科技,31.400,-0.59,-1.844,31.390,31.400,31.990,31.660,32.550,31.080,1350795,43139030,15:30:00,10.295,4.617,301578.40492,127356.27108,3.33042
bj873665,873665,科强股份,9.280,-0.24,-2.521,9.270,9.280,9.520,9.530,9.730,9.250,1229484,11690078,15:30:00,17.509,1.833,120630.72,30617.693312,3.72648
bj873679,873679,前进科技,19.580,-0.39,-1.953,19.580,19.590,19.970,19.770,20.280,19.580,703808,14059151,15:30:00,14.924,2.29,109354.3,25019.324,5.50797
bj873690,873690,捷众科技,15.590,-0.37,-2.318,15.570,15.590,15.960,15.980,16.210,15.500,1338970,21267174,15:30:00,21.653,2.585,100555.5,28480.9033,7.32931
bj873693,873693,阿为特,37.950,-0.45,-1.172,37.950,37.960,38.400,36.500,39.990,35.500,3623661,136660050,15:30:00,80.745,10.26,275896.5,77038.5,17.85055
bj873703,873703,广厦环能,35.150,-1.08,-2.981,35.130,35.150,36.230,36.000,36.330,35.100,1031565,36719233,15:30:00,15.833,4.487,270303.5,50088.75,7.23905
bj873726,873726,卓兆点胶,33.500,0.16,0.48,33.430,33.500,33.340,33.220,35.100,32.520,1211657,41229803,15:30:00,26.378,8.608,274958.7741,58428.7436,6.94701
bj873806,873806,云星宇,10.380,-0.36,-3.352,10.380,10.390,10.740,10.820,11.460,10.370,22885808,248888046,15:30:00,22.565,2.917,300881.600346,78829.235706,30.13535
bj873833,873833,美心翼申,12.080,-0.07,-0.576,12.080,12.090,12.150,12.150,12.460,12.050,631802,7737073,15:30:00,15.688,1.65,99490.88,35315.88,2.16112
